<application>
  <component name="com.codeium.intellij.utilities.ExtensionStorage">
    <option name="cascadeOnboardingCompleted" value="true" />
    <option name="completedCascadeOnboardingItems">
      <list>
        <option value="ONBOARDING_ACTION_TYPE_CHAT" />
      </list>
    </option>
    <option name="firstInstall" value="false" />
    <option name="hasShownNewCompletionApiNotification" value="true" />
    <option name="hasShownPreReleaseNotification" value="true" />
    <option name="installationId" value="03d157d3-cce2-4802-8d35-edb567ac7be2" />
    <option name="lastChangelogVersionShown" value="2.12.2" />
    <option name="loggedFirstInstall" value="true" />
  </component>
</application>