<application>
  <component name="Trusted.Paths">
    <option name="TRUSTED_PROJECT_PATHS">
      <map>
        <entry key="$USER_HOME$/Desktop/Projects/LicenceServer" value="true" />
        <entry key="$USER_HOME$/Desktop/Projects/LicenseServer" value="true" />
        <entry key="$USER_HOME$/Desktop/Projects/appwrite-poc/functions/javaf" value="true" />
        <entry key="$USER_HOME$/Desktop/Projects/appwrite-poc/functions/testjava" value="true" />
        <entry key="$USER_HOME$/Desktop/Projects/auth-service" value="true" />
        <entry key="$USER_HOME$/Desktop/Projects/layali_flutter_app" value="true" />
        <entry key="$USER_HOME$/Desktop/Projects/layali_flutter_app/android" value="true" />
        <entry key="$USER_HOME$/Desktop/Projects/license-server" value="true" />
        <entry key="$USER_HOME$/IdeaProjects/RemoteLogMonitor" value="true" />
      </map>
    </option>
  </component>
  <component name="Trusted.Paths.Settings">
    <option name="TRUSTED_PATHS">
      <list>
        <option value="$USER_HOME$/Desktop/Projects" />
      </list>
    </option>
  </component>
</application>