<application>
  <component name="DimensionService">
    <size key="GridCell.Tab.0.left.0.0.3024.1964@192dpi" width="2892" height="558" />
    <size key="GridCell.Tab.0.center.0.0.3024.1964@192dpi" width="2892" height="558" />
    <size key="GridCell.Tab.0.right.0.0.3024.1964@192dpi" width="2892" height="558" />
    <size key="GridCell.Tab.0.bottom.0.0.3024.1964@192dpi" width="2892" height="558" />
    <size key="GridCell.Tab.1.left.0.0.3024.1964@192dpi" width="2892" height="558" />
    <size key="GridCell.Tab.1.center.0.0.3024.1964@192dpi" width="2892" height="558" />
    <size key="GridCell.Tab.1.right.0.0.3024.1964@192dpi" width="2892" height="558" />
    <size key="GridCell.Tab.1.bottom.0.0.3024.1964@192dpi" width="2892" height="558" />
  </component>
  <component name="WindowManager">
    <frame x="0" y="37" width="1512" height="945" fullScreen="true" />
  </component>
  <component name="WindowStateApplicationService">
    <state width="704" height="231" key="ShowUsagesActions.dimensionServiceKey" timestamp="1769100232099">
      <screen x="0" y="32" width="1512" height="950" />
    </state>
    <state width="704" height="231" key="ShowUsagesActions.dimensionServiceKey/0.32.1512.950" timestamp="1769100232099" />
  </component>
</application>